Vendor,Date,Transaction_Value,,day
ANTARANG,01-09-2022 07:56,289,,Thu
SWARA,07-02-2023 04:07,440,,Tue
SUBWAY,09-03-2023 07:48,155,,Thu
SWARA,29-05-2023 02:57,312,,Mon
VOHUMAN,13-03-2023 14:18,459,,Mon
SUBWAY,13-07-2022 07:19,348,,Wed
ANTARANG,24-05-2023 21:03,126,,Wed
VOHUMAN,12-12-2022 13:57,277,,Mon
SWARA,10-10-2022 11:34,96,,Mon
WOK,20-06-2023 02:50,253,,Tue
SUBWAY,21-09-2022 21:44,100,,Wed
ANTARANG,16-08-2022 14:46,55,,Tue
VOHUMAN,30-08-2022 23:12,210,,Tue
SWARA,02-12-2022 22:42,36,,Fri
ANTARANG,19-05-2023 23:59,50,,Fri
WOK,20-01-2023 08:42,356,,Fri
BISTRO,28-04-2023 07:40,353,,Fri
SOUTHERN EXPRESS,26-07-2022 11:56,193,,Tue
WOK,21-04-2023 20:40,308,,Fri
WOK,25-07-2022 08:00,147,,Mon
JUICE BAR,08-09-2022 00:14,219,,Thu
VOHUMAN,21-02-2023 16:25,276,,Tue
SWARA,29-05-2023 10:05,51,,Mon
BISTRO,03-07-2023 08:14,388,,Mon
VOHUMAN,10-05-2023 23:16,448,,Wed
JUICE BAR,06-03-2023 04:49,447,,Mon
ANTARANG,13-06-2023 17:34,123,,Tue
SOUTHERN EXPRESS,15-11-2022 03:26,199,,Tue
SUBWAY,17-08-2022 16:52,310,,Wed
SOUTHERN EXPRESS,05-05-2023 09:02,234,,Fri
SWARA,21-04-2023 10:04,102,,Fri
WOK,25-11-2022 06:17,31,,Fri
SUBWAY,14-03-2023 22:43,403,,Tue
BISTRO,26-01-2023 01:05,455,,Thu
JUICE BAR,16-03-2023 21:12,230,,Thu
JUICE BAR,30-03-2023 16:49,407,,Thu
WOK,09-09-2022 06:29,246,,Fri
SWARA,26-05-2023 22:46,402,,Fri
WOK,13-06-2023 03:18,459,,Tue
VOHUMAN,14-12-2022 07:16,440,,Wed
SUBWAY,05-05-2023 03:44,467,,Fri
VOHUMAN,18-08-2022 13:03,103,,Thu
SUBWAY,16-12-2022 11:55,47,,Fri
SWARA,26-01-2023 17:55,178,,Thu
SUBWAY,14-04-2023 04:53,181,,Fri
WOK,09-01-2023 03:47,202,,Mon
VOHUMAN,13-06-2023 05:45,124,,Tue
JUICE BAR,08-12-2022 01:52,391,,Thu
SOUTHERN EXPRESS,16-11-2022 00:54,301,,Wed
SOUTHERN EXPRESS,22-11-2022 04:57,224,,Tue
ANTARANG,16-02-2023 22:50,296,,Thu
WOK,12-06-2023 23:29,425,,Mon
SUBWAY,22-03-2023 09:02,389,,Wed
WOK,22-12-2022 06:09,178,,Thu
JUICE BAR,24-04-2023 15:57,231,,Mon
VOHUMAN,09-11-2022 00:41,156,,Wed
SUBWAY,14-10-2022 10:32,256,,Fri
JUICE BAR,03-01-2023 16:22,474,,Tue
SUBWAY,26-01-2023 01:23,147,,Thu
ANTARANG,17-02-2023 20:23,193,,Fri
BISTRO,26-01-2023 10:55,131,,Thu
ANTARANG,15-12-2022 21:24,404,,Thu
BISTRO,24-03-2023 20:17,373,,Fri
VOHUMAN,12-08-2022 06:24,194,,Fri
WOK,14-09-2022 04:22,156,,Wed
WOK,22-11-2022 15:15,354,,Tue
WOK,02-11-2022 17:16,260,,Wed
ANTARANG,13-07-2022 22:29,449,,Wed
SOUTHERN EXPRESS,14-12-2022 00:54,88,,Wed
JUICE BAR,13-09-2022 23:21,131,,Tue
JUICE BAR,04-05-2023 19:37,59,,Thu
JUICE BAR,27-02-2023 22:42,315,,Mon
JUICE BAR,28-03-2023 02:11,372,,Tue
SUBWAY,05-06-2023 16:49,74,,Mon
SOUTHERN EXPRESS,04-04-2023 10:03,167,,Tue
WOK,10-04-2023 17:37,286,,Mon
SWARA,31-05-2023 23:15,426,,Wed
JUICE BAR,02-09-2022 05:35,38,,Fri
SOUTHERN EXPRESS,20-02-2023 16:17,433,,Mon
BISTRO,05-04-2023 11:23,445,,Wed
VOHUMAN,20-12-2022 21:39,322,,Tue
SUBWAY,27-04-2023 20:07,127,,Thu
VOHUMAN,26-12-2022 20:15,198,,Mon
SWARA,13-07-2022 02:28,114,,Wed
ANTARANG,15-02-2023 00:09,484,,Wed
BISTRO,24-05-2023 01:49,186,,Wed
SUBWAY,28-04-2023 08:10,49,,Fri
JUICE BAR,17-11-2022 01:50,313,,Thu
JUICE BAR,28-09-2022 05:41,246,,Wed
JUICE BAR,06-12-2022 10:41,349,,Tue
JUICE BAR,04-04-2023 12:09,66,,Tue
JUICE BAR,20-09-2022 21:24,87,,Tue
SUBWAY,12-04-2023 02:56,324,,Wed
SOUTHERN EXPRESS,31-03-2023 09:50,68,,Fri
BISTRO,25-07-2022 06:26,275,,Mon
WOK,30-06-2023 00:34,327,,Fri
WOK,31-01-2023 23:41,428,,Tue
SUBWAY,21-09-2022 22:59,45,,Wed
VOHUMAN,12-08-2022 10:14,215,,Fri
SUBWAY,20-06-2023 03:13,232,,Tue
JUICE BAR,31-10-2022 01:48,264,,Mon
VOHUMAN,19-07-2022 05:49,181,,Tue
VOHUMAN,01-11-2022 06:01,30,,Tue
JUICE BAR,03-07-2023 05:39,90,,Mon
SWARA,03-08-2022 10:58,215,,Wed
JUICE BAR,21-11-2022 10:42,126,,Mon
VOHUMAN,12-10-2022 00:14,344,,Wed
BISTRO,23-11-2022 19:40,272,,Wed
WOK,12-08-2022 19:32,322,,Fri
JUICE BAR,04-01-2023 15:32,67,,Wed
WOK,29-07-2022 16:53,111,,Fri
SOUTHERN EXPRESS,22-08-2022 16:08,78,,Mon
SWARA,11-01-2023 05:44,277,,Wed
BISTRO,28-02-2023 20:08,439,,Tue
VOHUMAN,12-12-2022 08:32,207,,Mon
SWARA,17-04-2023 09:15,462,,Mon
SWARA,01-06-2023 14:05,329,,Thu
ANTARANG,12-07-2022 02:13,257,,Tue
ANTARANG,03-03-2023 13:48,287,,Fri
SWARA,21-09-2022 05:40,173,,Wed
SUBWAY,06-03-2023 06:49,310,,Mon
WOK,23-11-2022 06:09,123,,Wed
VOHUMAN,29-07-2022 22:12,328,,Fri
SWARA,24-02-2023 00:51,488,,Fri
JUICE BAR,04-07-2023 10:36,301,,Tue
SOUTHERN EXPRESS,28-10-2022 18:05,410,,Fri
SWARA,27-10-2022 09:25,425,,Thu
JUICE BAR,29-09-2022 09:15,65,,Thu
BISTRO,07-10-2022 07:42,43,,Fri
SWARA,03-05-2023 15:33,103,,Wed
VOHUMAN,12-04-2023 17:07,53,,Wed
SWARA,26-12-2022 07:36,66,,Mon
WOK,17-01-2023 15:38,290,,Tue
SWARA,22-08-2022 00:26,438,,Mon
ANTARANG,17-04-2023 02:41,176,,Mon
JUICE BAR,14-04-2023 22:53,133,,Fri
SOUTHERN EXPRESS,06-07-2023 00:09,422,,Thu
WOK,19-01-2023 10:27,489,,Thu
VOHUMAN,21-07-2022 05:19,387,,Thu
SUBWAY,06-07-2023 21:35,189,,Thu
VOHUMAN,03-11-2022 05:29,456,,Thu
VOHUMAN,23-02-2023 05:55,81,,Thu
WOK,02-03-2023 17:59,126,,Thu
WOK,26-08-2022 21:00,259,,Fri
JUICE BAR,27-02-2023 19:45,271,,Mon
ANTARANG,16-12-2022 15:08,303,,Fri
SWARA,23-11-2022 04:03,132,,Wed
SOUTHERN EXPRESS,29-08-2022 00:11,385,,Mon
WOK,08-12-2022 17:54,382,,Thu
VOHUMAN,03-01-2023 18:24,112,,Tue
SUBWAY,22-11-2022 16:33,95,,Tue
ANTARANG,29-06-2023 07:12,137,,Thu
SWARA,25-07-2022 21:54,463,,Mon
BISTRO,19-01-2023 03:11,59,,Thu
SUBWAY,20-12-2022 08:20,310,,Tue
SWARA,03-03-2023 00:02,426,,Fri
SUBWAY,03-11-2022 00:11,235,,Thu
SUBWAY,21-04-2023 10:53,190,,Fri
JUICE BAR,24-02-2023 13:07,324,,Fri
ANTARANG,17-01-2023 13:32,32,,Tue
ANTARANG,21-04-2023 15:40,392,,Fri
WOK,07-10-2022 06:22,449,,Fri
ANTARANG,31-10-2022 21:15,337,,Mon
SWARA,03-05-2023 16:25,206,,Wed
JUICE BAR,24-02-2023 18:29,130,,Fri
SWARA,02-12-2022 03:32,323,,Fri
SWARA,29-07-2022 18:41,112,,Fri
JUICE BAR,19-09-2022 11:37,325,,Mon
BISTRO,29-08-2022 18:11,238,,Mon
SUBWAY,05-05-2023 05:55,429,,Fri
JUICE BAR,11-01-2023 10:29,59,,Wed
ANTARANG,21-09-2022 06:52,82,,Wed
BISTRO,14-06-2023 22:42,354,,Wed
BISTRO,23-08-2022 09:04,441,,Tue
SOUTHERN EXPRESS,22-05-2023 11:10,401,,Mon
VOHUMAN,18-08-2022 08:08,56,,Thu
BISTRO,20-07-2022 16:12,475,,Wed
ANTARANG,09-02-2023 12:08,469,,Thu
SUBWAY,03-05-2023 01:24,200,,Wed
BISTRO,06-03-2023 01:46,338,,Mon
SUBWAY,07-06-2023 11:46,344,,Wed
SOUTHERN EXPRESS,19-01-2023 21:31,236,,Thu
VOHUMAN,27-09-2022 03:35,379,,Tue
WOK,07-10-2022 12:44,328,,Fri
ANTARANG,23-09-2022 05:25,129,,Fri
SOUTHERN EXPRESS,06-07-2023 03:14,337,,Thu
BISTRO,13-12-2022 04:22,52,,Tue
SUBWAY,04-08-2022 08:27,384,,Thu
SUBWAY,17-01-2023 19:10,161,,Tue
JUICE BAR,01-02-2023 12:24,285,,Wed
JUICE BAR,21-09-2022 07:49,463,,Wed
SWARA,13-06-2023 17:04,167,,Tue
WOK,12-08-2022 06:31,227,,Fri
BISTRO,25-10-2022 07:25,423,,Tue
SOUTHERN EXPRESS,15-12-2022 23:54,258,,Thu
SUBWAY,19-06-2023 12:40,136,,Mon
VOHUMAN,08-12-2022 07:17,193,,Thu
SOUTHERN EXPRESS,27-09-2022 17:21,149,,Tue
BISTRO,24-11-2022 18:09,475,,Thu
WOK,16-03-2023 11:16,275,,Thu
JUICE BAR,18-01-2023 01:36,336,,Wed
SUBWAY,23-09-2022 20:52,35,,Fri
ANTARANG,08-08-2022 23:13,175,,Mon
ANTARANG,21-06-2023 17:50,362,,Wed
SOUTHERN EXPRESS,29-07-2022 16:41,257,,Fri
SUBWAY,27-06-2023 11:40,308,,Tue
SWARA,30-09-2022 22:18,234,,Fri
SUBWAY,18-10-2022 16:13,307,,Tue
VOHUMAN,12-12-2022 05:10,31,,Mon
WOK,19-09-2022 15:51,455,,Mon
ANTARANG,04-08-2022 03:53,427,,Thu
VOHUMAN,27-07-2022 03:02,104,,Wed
SOUTHERN EXPRESS,13-12-2022 21:38,305,,Tue
WOK,05-12-2022 10:57,308,,Mon
ANTARANG,24-11-2022 14:26,461,,Thu
BISTRO,22-06-2023 02:07,142,,Thu
VOHUMAN,06-06-2023 09:50,260,,Tue
SWARA,24-04-2023 20:48,67,,Mon
BISTRO,16-09-2022 06:39,89,,Fri
JUICE BAR,28-04-2023 11:08,225,,Fri
SOUTHERN EXPRESS,24-03-2023 19:01,185,,Fri
WOK,16-02-2023 13:51,238,,Thu
BISTRO,27-09-2022 06:02,163,,Tue
SOUTHERN EXPRESS,28-10-2022 15:49,218,,Fri
WOK,25-05-2023 13:30,118,,Thu
ANTARANG,28-07-2022 16:25,176,,Thu
ANTARANG,19-10-2022 13:27,442,,Wed
SUBWAY,21-04-2023 01:49,500,,Fri
SWARA,17-04-2023 12:28,339,,Mon
VOHUMAN,30-06-2023 17:57,350,,Fri
SUBWAY,21-04-2023 07:43,470,,Fri
ANTARANG,14-06-2023 18:42,449,,Wed
ANTARANG,28-12-2022 21:32,453,,Wed
JUICE BAR,26-05-2023 05:08,274,,Fri
BISTRO,22-12-2022 04:09,333,,Thu
BISTRO,11-07-2022 21:38,467,,Mon
SWARA,15-12-2022 02:54,399,,Thu
WOK,20-03-2023 02:56,74,,Mon
SOUTHERN EXPRESS,08-05-2023 05:29,290,,Mon
WOK,20-04-2023 08:18,382,,Thu
ANTARANG,12-07-2022 06:23,183,,Tue
SWARA,30-06-2023 08:35,225,,Fri
ANTARANG,14-06-2023 01:19,414,,Wed
JUICE BAR,19-08-2022 17:53,352,,Fri
ANTARANG,08-05-2023 00:11,438,,Mon
ANTARANG,28-06-2023 13:13,494,,Wed
BISTRO,21-07-2022 11:01,35,,Thu
ANTARANG,02-11-2022 04:37,81,,Wed
ANTARANG,12-09-2022 13:53,459,,Mon
JUICE BAR,10-03-2023 04:28,99,,Fri
ANTARANG,08-05-2023 02:04,97,,Mon
SWARA,22-08-2022 00:27,169,,Mon
VOHUMAN,08-09-2022 23:54,418,,Thu
ANTARANG,26-09-2022 19:09,344,,Mon
BISTRO,24-05-2023 00:55,335,,Wed
SUBWAY,10-11-2022 18:10,179,,Thu
ANTARANG,27-03-2023 19:11,313,,Mon
VOHUMAN,08-05-2023 04:24,343,,Mon
WOK,16-05-2023 06:08,256,,Tue
ANTARANG,23-02-2023 17:00,399,,Thu
SUBWAY,10-11-2022 16:45,143,,Thu
ANTARANG,21-03-2023 01:12,298,,Tue
SOUTHERN EXPRESS,01-08-2022 23:47,424,,Mon
VOHUMAN,09-11-2022 18:07,44,,Wed
ANTARANG,22-02-2023 06:58,293,,Wed
SUBWAY,25-01-2023 01:06,108,,Wed
WOK,20-02-2023 00:40,412,,Mon
JUICE BAR,30-09-2022 16:31,281,,Fri
ANTARANG,17-04-2023 18:41,353,,Mon
WOK,22-08-2022 12:15,102,,Mon
JUICE BAR,29-12-2022 01:21,135,,Thu
ANTARANG,08-09-2022 07:52,349,,Thu
WOK,01-11-2022 11:03,74,,Tue
WOK,16-02-2023 21:03,52,,Thu
ANTARANG,29-05-2023 20:34,163,,Mon
BISTRO,28-09-2022 22:35,314,,Wed
VOHUMAN,08-03-2023 15:34,237,,Wed
BISTRO,21-07-2022 23:47,317,,Thu
VOHUMAN,19-01-2023 22:57,234,,Thu
WOK,23-02-2023 12:00,154,,Thu
VOHUMAN,09-02-2023 11:30,54,,Thu
VOHUMAN,09-06-2023 04:05,365,,Fri
WOK,21-04-2023 00:38,124,,Fri
WOK,29-06-2023 23:12,400,,Thu
SUBWAY,12-06-2023 02:22,213,,Mon
SWARA,15-03-2023 18:08,201,,Wed
SOUTHERN EXPRESS,21-03-2023 17:43,247,,Tue
WOK,31-03-2023 03:17,332,,Fri
ANTARANG,15-03-2023 10:03,34,,Wed
JUICE BAR,07-03-2023 15:57,34,,Tue
JUICE BAR,01-08-2022 05:51,94,,Mon
VOHUMAN,01-03-2023 16:38,419,,Wed
BISTRO,18-05-2023 18:44,468,,Thu
SWARA,03-08-2022 21:37,433,,Wed
SUBWAY,04-11-2022 02:25,228,,Fri
VOHUMAN,10-01-2023 07:08,240,,Tue
VOHUMAN,28-04-2023 11:43,151,,Fri
JUICE BAR,01-05-2023 15:06,239,,Mon
WOK,24-08-2022 01:27,308,,Wed
WOK,19-08-2022 08:50,96,,Fri
SOUTHERN EXPRESS,24-01-2023 00:14,500,,Tue
SWARA,20-07-2022 15:07,224,,Wed
VOHUMAN,21-10-2022 19:53,360,,Fri
WOK,22-08-2022 06:21,420,,Mon
JUICE BAR,16-08-2022 13:25,193,,Tue
SUBWAY,31-08-2022 08:30,342,,Wed
WOK,14-06-2023 16:10,306,,Wed
JUICE BAR,25-04-2023 22:28,48,,Tue
VOHUMAN,28-03-2023 12:40,155,,Tue
SUBWAY,26-09-2022 11:02,255,,Mon
SOUTHERN EXPRESS,19-08-2022 14:09,355,,Fri
SUBWAY,27-09-2022 11:34,266,,Tue
SWARA,10-10-2022 20:09,274,,Mon
ANTARANG,29-06-2023 16:07,35,,Thu
WOK,04-11-2022 07:39,412,,Fri
VOHUMAN,06-09-2022 09:44,183,,Tue
BISTRO,13-03-2023 09:07,266,,Mon
VOHUMAN,16-02-2023 10:56,332,,Thu
SOUTHERN EXPRESS,10-11-2022 23:15,361,,Thu
ANTARANG,26-04-2023 23:29,343,,Wed
SOUTHERN EXPRESS,04-04-2023 09:16,495,,Tue
ANTARANG,06-09-2022 20:01,479,,Tue
WOK,03-11-2022 17:35,292,,Thu
SOUTHERN EXPRESS,07-12-2022 10:12,304,,Wed
SOUTHERN EXPRESS,08-11-2022 07:51,336,,Tue
BISTRO,21-03-2023 00:12,296,,Tue
SUBWAY,11-08-2022 12:26,305,,Thu
BISTRO,09-12-2022 19:31,231,,Fri
ANTARANG,24-04-2023 02:06,485,,Mon
SUBWAY,08-09-2022 05:03,298,,Thu
SWARA,24-10-2022 17:26,476,,Mon
SOUTHERN EXPRESS,31-01-2023 12:26,301,,Tue
SUBWAY,08-05-2023 13:03,218,,Mon
VOHUMAN,20-07-2022 05:57,465,,Wed
WOK,30-01-2023 01:59,173,,Mon
WOK,21-02-2023 18:03,386,,Tue
ANTARANG,06-01-2023 07:21,124,,Fri
ANTARANG,21-12-2022 18:16,466,,Wed
BISTRO,18-11-2022 02:05,385,,Fri
VOHUMAN,20-12-2022 07:27,389,,Tue
ANTARANG,14-04-2023 14:43,398,,Fri
WOK,10-03-2023 01:49,295,,Fri
BISTRO,03-10-2022 15:52,406,,Mon
BISTRO,08-09-2022 19:08,306,,Thu
SWARA,14-12-2022 05:28,329,,Wed
BISTRO,06-03-2023 01:43,204,,Mon
ANTARANG,09-02-2023 12:56,163,,Thu
WOK,01-11-2022 13:01,403,,Tue
JUICE BAR,13-04-2023 21:35,352,,Thu
SWARA,25-10-2022 19:44,374,,Tue
JUICE BAR,16-01-2023 20:41,261,,Mon
ANTARANG,18-11-2022 23:00,274,,Fri
ANTARANG,02-05-2023 20:11,301,,Tue
ANTARANG,23-05-2023 15:21,80,,Tue
SOUTHERN EXPRESS,17-02-2023 18:04,393,,Fri
ANTARANG,08-09-2022 01:57,195,,Thu
BISTRO,19-05-2023 08:06,125,,Fri
JUICE BAR,27-02-2023 00:54,218,,Mon
SOUTHERN EXPRESS,21-02-2023 23:51,229,,Tue
WOK,22-02-2023 13:24,211,,Wed
BISTRO,18-01-2023 21:29,121,,Wed
VOHUMAN,14-03-2023 17:34,254,,Tue
SWARA,21-09-2022 23:05,50,,Wed
VOHUMAN,15-06-2023 16:30,365,,Thu
ANTARANG,28-03-2023 17:38,34,,Tue
VOHUMAN,22-12-2022 11:34,315,,Thu
WOK,21-09-2022 08:23,100,,Wed
ANTARANG,12-09-2022 16:27,75,,Mon
BISTRO,06-01-2023 23:37,82,,Fri
ANTARANG,09-08-2022 03:28,190,,Tue
VOHUMAN,15-09-2022 17:57,164,,Thu
BISTRO,16-02-2023 00:12,219,,Thu
WOK,13-07-2022 17:28,223,,Wed
BISTRO,29-06-2023 13:03,374,,Thu
ANTARANG,26-12-2022 01:17,446,,Mon
BISTRO,28-11-2022 17:46,85,,Mon
BISTRO,03-11-2022 00:23,476,,Thu
SUBWAY,29-08-2022 14:27,335,,Mon
SOUTHERN EXPRESS,26-05-2023 11:56,195,,Fri
SWARA,14-04-2023 04:05,464,,Fri
SWARA,25-01-2023 19:06,107,,Wed
SWARA,07-10-2022 09:31,197,,Fri
WOK,11-05-2023 20:10,64,,Thu
WOK,07-02-2023 17:22,166,,Tue
WOK,10-01-2023 06:37,95,,Tue
SOUTHERN EXPRESS,04-11-2022 16:48,67,,Fri
SWARA,28-03-2023 17:04,232,,Tue
WOK,07-03-2023 01:52,323,,Tue
JUICE BAR,13-02-2023 17:31,405,,Mon
SOUTHERN EXPRESS,25-11-2022 07:05,164,,Fri
SOUTHERN EXPRESS,19-05-2023 15:51,373,,Fri
SUBWAY,26-10-2022 15:35,153,,Wed
SWARA,16-09-2022 18:56,397,,Fri
VOHUMAN,21-11-2022 04:48,477,,Mon
SWARA,16-01-2023 15:35,314,,Mon
SWARA,15-09-2022 06:17,438,,Thu
SWARA,27-01-2023 00:41,429,,Fri
SUBWAY,20-04-2023 17:37,437,,Thu
SUBWAY,12-07-2022 15:06,221,,Tue
SUBWAY,16-01-2023 02:00,137,,Mon
WOK,14-03-2023 16:56,410,,Tue
SWARA,13-01-2023 12:45,236,,Fri
BISTRO,22-07-2022 11:58,109,,Fri
SWARA,05-06-2023 08:30,48,,Mon
BISTRO,20-10-2022 07:53,347,,Thu
JUICE BAR,21-03-2023 19:35,212,,Tue
JUICE BAR,27-06-2023 16:47,353,,Tue
VOHUMAN,31-10-2022 13:27,270,,Mon
BISTRO,03-11-2022 02:24,404,,Thu
SUBWAY,18-07-2022 16:18,118,,Mon
BISTRO,19-04-2023 08:02,68,,Wed
SUBWAY,18-08-2022 02:36,300,,Thu
WOK,04-08-2022 21:32,479,,Thu
VOHUMAN,03-02-2023 13:04,447,,Fri
ANTARANG,24-01-2023 13:02,107,,Tue
SWARA,14-07-2022 17:51,493,,Thu
WOK,21-07-2022 15:54,103,,Thu
SWARA,22-03-2023 22:55,332,,Wed
SUBWAY,08-12-2022 12:06,314,,Thu
WOK,17-08-2022 17:31,246,,Wed
SWARA,30-03-2023 07:36,380,,Thu
WOK,07-06-2023 09:18,44,,Wed
JUICE BAR,23-09-2022 15:32,228,,Fri
ANTARANG,22-12-2022 05:16,40,,Thu
SWARA,13-06-2023 01:11,88,,Tue
WOK,02-08-2022 22:03,383,,Tue
VOHUMAN,16-09-2022 01:21,321,,Fri
SWARA,21-11-2022 06:40,439,,Mon
VOHUMAN,24-03-2023 12:06,116,,Fri
SWARA,07-06-2023 14:53,428,,Wed
JUICE BAR,06-07-2023 17:22,294,,Thu
WOK,08-06-2023 02:05,310,,Thu
SWARA,22-03-2023 00:16,282,,Wed
BISTRO,08-08-2022 12:53,166,,Mon
SUBWAY,01-03-2023 02:33,268,,Wed
BISTRO,10-11-2022 08:12,256,,Thu
VOHUMAN,29-12-2022 05:28,421,,Thu
JUICE BAR,03-04-2023 11:23,195,,Mon
VOHUMAN,26-07-2022 07:22,407,,Tue
JUICE BAR,11-04-2023 18:22,472,,Tue
JUICE BAR,13-06-2023 08:42,94,,Tue
SUBWAY,22-12-2022 15:04,210,,Thu
SOUTHERN EXPRESS,21-10-2022 20:00,321,,Fri
BISTRO,16-11-2022 17:47,283,,Wed
SWARA,09-09-2022 13:01,85,,Fri
BISTRO,22-06-2023 22:36,113,,Thu
ANTARANG,26-12-2022 17:24,97,,Mon
ANTARANG,03-11-2022 20:04,409,,Thu
SUBWAY,30-06-2023 14:01,207,,Fri
VOHUMAN,15-07-2022 14:21,242,,Fri
SOUTHERN EXPRESS,08-11-2022 22:44,279,,Tue
SWARA,23-06-2023 20:54,460,,Fri
WOK,30-05-2023 20:25,440,,Tue
ANTARANG,27-10-2022 16:15,396,,Thu
SOUTHERN EXPRESS,28-04-2023 02:19,277,,Fri
SWARA,16-12-2022 02:11,147,,Fri
VOHUMAN,13-04-2023 13:46,258,,Thu
ANTARANG,03-07-2023 17:52,486,,Mon
VOHUMAN,10-05-2023 19:45,409,,Wed
BISTRO,28-10-2022 08:14,455,,Fri
ANTARANG,09-11-2022 14:17,172,,Wed
ANTARANG,10-03-2023 15:51,63,,Fri
SOUTHERN EXPRESS,14-03-2023 12:09,367,,Tue
VOHUMAN,23-01-2023 22:21,329,,Mon
VOHUMAN,12-12-2022 03:44,195,,Mon
ANTARANG,27-01-2023 13:52,91,,Fri
SOUTHERN EXPRESS,26-06-2023 23:18,75,,Mon
SUBWAY,11-05-2023 17:30,484,,Thu
BISTRO,05-07-2023 08:50,292,,Wed
SWARA,21-10-2022 17:15,130,,Fri
VOHUMAN,06-09-2022 06:12,58,,Tue
SOUTHERN EXPRESS,18-08-2022 09:16,193,,Thu
SOUTHERN EXPRESS,28-04-2023 17:21,272,,Fri
BISTRO,03-08-2022 02:25,446,,Wed
ANTARANG,03-03-2023 05:21,179,,Fri
BISTRO,10-03-2023 18:48,176,,Fri
ANTARANG,14-07-2022 04:39,225,,Thu
WOK,12-09-2022 20:27,226,,Mon
SUBWAY,30-09-2022 03:45,416,,Fri
BISTRO,01-09-2022 22:54,442,,Thu
BISTRO,18-05-2023 21:47,271,,Thu
BISTRO,15-02-2023 18:51,379,,Wed
JUICE BAR,01-03-2023 02:45,479,,Wed
SUBWAY,15-09-2022 06:34,458,,Thu
WOK,30-09-2022 22:14,33,,Fri
WOK,23-03-2023 13:44,225,,Thu
ANTARANG,25-10-2022 15:30,469,,Tue
ANTARANG,12-04-2023 21:49,149,,Wed
SOUTHERN EXPRESS,02-09-2022 03:56,164,,Fri
ANTARANG,24-03-2023 09:02,486,,Fri
ANTARANG,19-08-2022 02:50,257,,Fri
SOUTHERN EXPRESS,15-08-2022 08:44,265,,Mon
ANTARANG,25-07-2022 07:43,97,,Mon
WOK,13-10-2022 14:55,85,,Thu
VOHUMAN,24-04-2023 05:28,260,,Mon
SUBWAY,09-02-2023 07:00,327,,Thu
ANTARANG,01-02-2023 22:53,65,,Wed
BISTRO,10-08-2022 19:24,261,,Wed
VOHUMAN,18-07-2022 02:16,222,,Mon
SWARA,26-10-2022 22:10,188,,Wed
ANTARANG,18-01-2023 09:13,170,,Wed
BISTRO,12-05-2023 02:51,418,,Fri
SUBWAY,14-02-2023 06:41,229,,Tue
WOK,01-12-2022 16:28,436,,Thu
ANTARANG,26-01-2023 13:19,223,,Thu
SUBWAY,29-08-2022 03:52,371,,Mon
SOUTHERN EXPRESS,06-03-2023 06:22,168,,Mon
VOHUMAN,09-02-2023 10:03,270,,Thu
VOHUMAN,16-02-2023 21:09,433,,Thu
SUBWAY,17-03-2023 06:19,174,,Fri
JUICE BAR,04-04-2023 12:43,93,,Tue
SOUTHERN EXPRESS,27-04-2023 20:00,429,,Thu
SUBWAY,06-01-2023 04:10,128,,Fri
BISTRO,13-01-2023 04:26,50,,Fri
VOHUMAN,14-04-2023 12:08,56,,Fri
SOUTHERN EXPRESS,25-11-2022 11:04,34,,Fri
SWARA,16-09-2022 03:19,286,,Fri
JUICE BAR,08-05-2023 06:09,418,,Mon
SOUTHERN EXPRESS,13-01-2023 04:23,301,,Fri
BISTRO,20-07-2022 04:34,453,,Wed
ANTARANG,19-10-2022 14:38,249,,Wed
BISTRO,22-08-2022 22:13,365,,Mon
SUBWAY,28-09-2022 20:57,320,,Wed
SUBWAY,10-11-2022 09:35,332,,Thu
JUICE BAR,08-11-2022 00:20,173,,Tue
SOUTHERN EXPRESS,07-06-2023 16:43,148,,Wed
ANTARANG,30-12-2022 09:44,351,,Fri
WOK,19-04-2023 03:14,71,,Wed
JUICE BAR,03-08-2022 23:45,157,,Wed
SOUTHERN EXPRESS,27-09-2022 06:40,184,,Tue
SWARA,04-01-2023 01:15,320,,Wed
VOHUMAN,18-07-2022 10:02,104,,Mon
SOUTHERN EXPRESS,26-05-2023 06:09,425,,Fri
SUBWAY,22-09-2022 23:14,106,,Thu
SOUTHERN EXPRESS,26-01-2023 13:22,129,,Thu
SWARA,19-01-2023 18:08,115,,Thu
SUBWAY,21-10-2022 04:07,177,,Fri
JUICE BAR,28-09-2022 23:22,79,,Wed
SUBWAY,01-02-2023 04:07,403,,Wed
SOUTHERN EXPRESS,16-02-2023 17:07,431,,Thu
ANTARANG,23-05-2023 08:39,342,,Tue
BISTRO,27-04-2023 09:15,261,,Thu
SUBWAY,28-11-2022 14:19,318,,Mon
BISTRO,27-06-2023 23:14,339,,Tue
JUICE BAR,27-03-2023 01:09,401,,Mon
SUBWAY,20-09-2022 11:43,255,,Tue
VOHUMAN,20-10-2022 13:10,424,,Thu
WOK,06-09-2022 18:39,184,,Tue
SOUTHERN EXPRESS,22-07-2022 17:53,362,,Fri
WOK,28-04-2023 18:36,107,,Fri
ANTARANG,20-09-2022 00:38,45,,Tue
BISTRO,15-07-2022 15:34,388,,Fri
SWARA,28-12-2022 13:58,304,,Wed
BISTRO,30-03-2023 23:40,461,,Thu
SUBWAY,09-01-2023 05:00,442,,Mon
SOUTHERN EXPRESS,25-05-2023 18:28,110,,Thu
WOK,22-06-2023 06:30,387,,Thu
JUICE BAR,13-02-2023 01:07,412,,Mon
BISTRO,10-10-2022 04:47,313,,Mon
ANTARANG,08-02-2023 02:12,480,,Wed
ANTARANG,04-09-2022 17:44,378,,Sun
BISTRO,04-11-2022 19:00,60,,Fri
SWARA,13-10-2022 21:59,139,,Thu
ANTARANG,26-03-2023 09:21,48,,Sun
JUICE BAR,21-07-2022 18:29,434,,Thu
ANTARANG,23-08-2022 15:31,441,,Tue
SOUTHERN EXPRESS,23-01-2023 08:28,450,,Mon
VOHUMAN,08-12-2022 20:26,210,,Thu
JUICE BAR,22-05-2023 13:13,38,,Mon
ANTARANG,15-02-2023 15:14,322,,Wed
BISTRO,25-11-2022 14:21,484,,Fri
SUBWAY,08-03-2023 14:03,186,,Wed
ANTARANG,22-02-2023 22:14,241,,Wed
SOUTHERN EXPRESS,02-02-2023 03:43,249,,Thu
WOK,17-05-2023 10:47,117,,Wed
VOHUMAN,24-04-2023 15:16,184,,Mon
JUICE BAR,08-06-2023 22:32,283,,Thu
SWARA,29-07-2022 00:20,263,,Fri
BISTRO,14-06-2023 18:21,240,,Wed
JUICE BAR,01-12-2022 08:03,151,,Thu
SWARA,27-04-2023 06:29,429,,Thu
WOK,12-07-2022 12:26,205,,Tue
WOK,16-06-2023 19:34,246,,Fri
WOK,11-09-2022 07:17,171,,Sun
VOHUMAN,09-07-2023 01:44,161,,Sun
JUICE BAR,24-03-2023 12:44,449,,Fri
WOK,14-10-2022 01:54,226,,Fri
SUBWAY,29-09-2022 01:40,53,,Thu
WOK,21-08-2022 04:21,40,,Sun
SUBWAY,10-11-2022 22:14,475,,Thu
VOHUMAN,09-10-2022 10:49,456,,Sun
VOHUMAN,10-01-2023 17:43,138,,Tue
SWARA,23-10-2022 18:34,182,,Sun
JUICE BAR,26-08-2022 05:01,305,,Fri
ANTARANG,11-07-2022 04:17,225,,Mon
VOHUMAN,05-02-2023 06:38,408,,Sun
SUBWAY,18-12-2022 22:45,114,,Sun
WOK,07-04-2023 14:42,339,,Fri
BISTRO,07-04-2023 17:40,270,,Fri
ANTARANG,24-11-2022 06:12,469,,Thu
WOK,06-06-2023 08:45,111,,Tue
JUICE BAR,12-01-2023 12:14,198,,Thu
JUICE BAR,18-12-2022 17:18,320,,Sun
JUICE BAR,17-03-2023 11:52,230,,Fri
SUBWAY,23-05-2023 23:42,449,,Tue
SOUTHERN EXPRESS,17-03-2023 10:24,180,,Fri
BISTRO,05-10-2022 03:04,139,,Wed
SWARA,15-08-2022 10:05,397,,Mon
ANTARANG,14-05-2023 12:57,150,,Sun
ANTARANG,13-03-2023 22:33,413,,Mon
SWARA,07-12-2022 11:51,177,,Wed
WOK,23-09-2022 17:48,489,,Fri
ANTARANG,30-06-2023 20:52,331,,Fri
SUBWAY,22-06-2023 11:08,111,,Thu
WOK,16-11-2022 14:57,241,,Wed
BISTRO,18-09-2022 18:50,243,,Sun
VOHUMAN,29-06-2023 19:58,413,,Thu
ANTARANG,04-11-2022 07:44,460,,Fri
VOHUMAN,03-08-2022 23:35,472,,Wed
JUICE BAR,29-01-2023 23:18,163,,Sun
VOHUMAN,18-08-2022 23:21,249,,Thu
JUICE BAR,30-09-2022 05:56,493,,Fri
SOUTHERN EXPRESS,17-11-2022 05:41,462,,Thu
SWARA,16-11-2022 13:07,419,,Wed
SWARA,04-12-2022 00:11,147,,Sun
VOHUMAN,29-07-2022 09:54,217,,Fri
ANTARANG,18-09-2022 11:56,53,,Sun
SUBWAY,08-03-2023 21:06,223,,Wed
SWARA,29-09-2022 08:03,171,,Thu
SUBWAY,03-11-2022 21:35,363,,Thu
VOHUMAN,05-02-2023 12:43,207,,Sun
WOK,28-05-2023 14:14,207,,Sun
SWARA,19-05-2023 20:01,225,,Fri
WOK,20-12-2022 19:26,211,,Tue
WOK,20-10-2022 12:54,308,,Thu
SUBWAY,26-07-2022 20:51,294,,Tue
ANTARANG,11-01-2023 17:32,92,,Wed
WOK,08-01-2023 00:51,361,,Sun
SOUTHERN EXPRESS,02-08-2022 03:51,419,,Tue
JUICE BAR,29-07-2022 16:31,336,,Fri
VOHUMAN,15-01-2023 08:47,492,,Sun
VOHUMAN,26-10-2022 22:27,270,,Wed
VOHUMAN,09-06-2023 05:13,172,,Fri
ANTARANG,23-09-2022 00:18,153,,Fri
WOK,29-01-2023 22:36,41,,Sun
JUICE BAR,29-07-2022 22:28,194,,Fri
SOUTHERN EXPRESS,24-11-2022 04:56,199,,Thu
SUBWAY,05-09-2022 15:23,114,,Mon
ANTARANG,01-09-2022 07:56,289,,Thu
SWARA,07-02-2023 04:07,440,,Tue
ANTARANG,16-08-2022 14:46,55,,Tue
SOUTHERN EXPRESS,26-07-2022 11:56,193,,Tue
ANTARANG,13-06-2023 17:34,123,,Tue
SOUTHERN EXPRESS,15-11-2022 03:26,199,,Tue
SWARA,26-01-2023 17:55,178,,Thu
SOUTHERN EXPRESS,22-11-2022 04:57,224,,Tue
ANTARANG,16-02-2023 22:50,296,,Thu
ANTARANG,15-12-2022 21:24,404,,Thu
SOUTHERN EXPRESS,04-04-2023 10:03,167,,Tue
SWARA,01-06-2023 14:05,329,,Thu
ANTARANG,12-07-2022 02:13,257,,Tue
SWARA,27-10-2022 09:25,425,,Thu
SOUTHERN EXPRESS,06-07-2023 00:09,422,,Thu
ANTARANG,29-06-2023 07:12,137,,Thu
ANTARANG,17-01-2023 13:32,32,,Tue
ANTARANG,09-02-2023 12:08,469,,Thu
SOUTHERN EXPRESS,19-01-2023 21:31,236,,Thu
SOUTHERN EXPRESS,06-07-2023 03:14,337,,Thu
SWARA,13-06-2023 17:04,167,,Tue
SOUTHERN EXPRESS,15-12-2022 23:54,258,,Thu
SOUTHERN EXPRESS,27-09-2022 17:21,149,,Tue
ANTARANG,04-08-2022 03:53,427,,Thu
SOUTHERN EXPRESS,13-12-2022 21:38,305,,Tue
ANTARANG,24-11-2022 14:26,461,,Thu
ANTARANG,28-07-2022 16:25,176,,Thu
SWARA,15-12-2022 02:54,399,,Thu
ANTARANG,12-07-2022 06:23,183,,Tue
ANTARANG,23-02-2023 17:00,399,,Thu
ANTARANG,21-03-2023 01:12,298,,Tue
ANTARANG,08-09-2022 07:52,349,,Thu
SOUTHERN EXPRESS,21-03-2023 17:43,247,,Tue
SOUTHERN EXPRESS,24-01-2023 00:14,500,,Tue
ANTARANG,29-06-2023 16:07,35,,Thu
SOUTHERN EXPRESS,10-11-2022 23:15,361,,Thu
SOUTHERN EXPRESS,04-04-2023 09:16,495,,Tue
ANTARANG,06-09-2022 20:01,479,,Tue
SOUTHERN EXPRESS,08-11-2022 07:51,336,,Tue
SOUTHERN EXPRESS,31-01-2023 12:26,301,,Tue
ANTARANG,09-02-2023 12:56,163,,Thu
SWARA,25-10-2022 19:44,374,,Tue
ANTARANG,02-05-2023 20:11,301,,Tue
ANTARANG,23-05-2023 15:21,80,,Tue
ANTARANG,08-09-2022 01:57,195,,Thu
SOUTHERN EXPRESS,21-02-2023 23:51,229,,Tue
ANTARANG,28-03-2023 17:38,34,,Tue
ANTARANG,09-08-2022 03:28,190,,Tue
SWARA,28-03-2023 17:04,232,,Tue
SWARA,15-09-2022 06:17,438,,Thu
ANTARANG,24-01-2023 13:02,107,,Tue
SWARA,14-07-2022 17:51,493,,Thu
SWARA,30-03-2023 07:36,380,,Thu
ANTARANG,22-12-2022 05:16,40,,Thu
SWARA,13-06-2023 01:11,88,,Tue
ANTARANG,03-11-2022 20:04,409,,Thu
SOUTHERN EXPRESS,08-11-2022 22:44,279,,Tue
ANTARANG,27-10-2022 16:15,396,,Thu
SOUTHERN EXPRESS,14-03-2023 12:09,367,,Tue
SOUTHERN EXPRESS,18-08-2022 09:16,193,,Thu
ANTARANG,14-07-2022 04:39,225,,Thu
ANTARANG,25-10-2022 15:30,469,,Tue
ANTARANG,26-01-2023 13:19,223,,Thu
SOUTHERN EXPRESS,27-04-2023 20:00,429,,Thu
SOUTHERN EXPRESS,27-09-2022 06:40,184,,Tue
SOUTHERN EXPRESS,26-01-2023 13:22,129,,Thu
SWARA,19-01-2023 18:08,115,,Thu
SOUTHERN EXPRESS,16-02-2023 17:07,431,,Thu
ANTARANG,23-05-2023 08:39,342,,Tue
ANTARANG,20-09-2022 00:38,45,,Tue
SOUTHERN EXPRESS,25-05-2023 18:28,110,,Thu
SWARA,13-10-2022 21:59,139,,Thu
ANTARANG,23-08-2022 15:31,441,,Tue
SOUTHERN EXPRESS,02-02-2023 03:43,249,,Thu
SWARA,27-04-2023 06:29,429,,Thu
ANTARANG,24-11-2022 06:12,469,,Thu
SOUTHERN EXPRESS,17-11-2022 05:41,462,,Thu
SWARA,29-09-2022 08:03,171,,Thu
SOUTHERN EXPRESS,02-08-2022 03:51,419,,Tue
SOUTHERN EXPRESS,24-11-2022 04:56,199,,Thu
ANTARANG,01-09-2022 07:56,289,,Thu
SWARA,07-02-2023 04:07,440,,Tue
ANTARANG,16-08-2022 14:46,55,,Tue
SOUTHERN EXPRESS,26-07-2022 11:56,193,,Tue
ANTARANG,13-06-2023 17:34,123,,Tue
SOUTHERN EXPRESS,15-11-2022 03:26,199,,Tue
SWARA,26-01-2023 17:55,178,,Thu
SOUTHERN EXPRESS,22-11-2022 04:57,224,,Tue
ANTARANG,16-02-2023 22:50,296,,Thu
ANTARANG,15-12-2022 21:24,404,,Thu
SOUTHERN EXPRESS,04-04-2023 10:03,167,,Tue
SWARA,01-06-2023 14:05,329,,Thu
ANTARANG,12-07-2022 02:13,257,,Tue
SWARA,27-10-2022 09:25,425,,Thu
SOUTHERN EXPRESS,06-07-2023 00:09,422,,Thu
ANTARANG,29-06-2023 07:12,137,,Thu
ANTARANG,17-01-2023 13:32,32,,Tue
ANTARANG,09-02-2023 12:08,469,,Thu
SOUTHERN EXPRESS,19-01-2023 21:31,236,,Thu
SOUTHERN EXPRESS,06-07-2023 03:14,337,,Thu
SWARA,13-06-2023 17:04,167,,Tue
SOUTHERN EXPRESS,15-12-2022 23:54,258,,Thu
SOUTHERN EXPRESS,27-09-2022 17:21,149,,Tue
ANTARANG,04-08-2022 03:53,427,,Thu
SOUTHERN EXPRESS,13-12-2022 21:38,305,,Tue
ANTARANG,24-11-2022 14:26,461,,Thu
ANTARANG,28-07-2022 16:25,176,,Thu
SWARA,15-12-2022 02:54,399,,Thu
ANTARANG,12-07-2022 06:23,183,,Tue
ANTARANG,23-02-2023 17:00,399,,Thu
ANTARANG,21-03-2023 01:12,298,,Tue
ANTARANG,08-09-2022 07:52,349,,Thu
SOUTHERN EXPRESS,21-03-2023 17:43,247,,Tue
SOUTHERN EXPRESS,24-01-2023 00:14,500,,Tue
ANTARANG,29-06-2023 16:07,35,,Thu
SOUTHERN EXPRESS,10-11-2022 23:15,361,,Thu
SOUTHERN EXPRESS,04-04-2023 09:16,495,,Tue
ANTARANG,06-09-2022 20:01,479,,Tue
SOUTHERN EXPRESS,08-11-2022 07:51,336,,Tue
SOUTHERN EXPRESS,31-01-2023 12:26,301,,Tue
ANTARANG,09-02-2023 12:56,163,,Thu
SWARA,25-10-2022 19:44,374,,Tue
ANTARANG,02-05-2023 20:11,301,,Tue
ANTARANG,23-05-2023 15:21,80,,Tue
ANTARANG,08-09-2022 01:57,195,,Thu
SOUTHERN EXPRESS,21-02-2023 23:51,229,,Tue
ANTARANG,28-03-2023 17:38,34,,Tue
ANTARANG,09-08-2022 03:28,190,,Tue
SWARA,28-03-2023 17:04,232,,Tue
SWARA,15-09-2022 06:17,438,,Thu
ANTARANG,24-01-2023 13:02,107,,Tue
SWARA,14-07-2022 17:51,493,,Thu
SWARA,30-03-2023 07:36,380,,Thu
ANTARANG,22-12-2022 05:16,40,,Thu
SWARA,13-06-2023 01:11,88,,Tue
ANTARANG,03-11-2022 20:04,409,,Thu
SOUTHERN EXPRESS,08-11-2022 22:44,279,,Tue
ANTARANG,27-10-2022 16:15,396,,Thu
SOUTHERN EXPRESS,14-03-2023 12:09,367,,Tue
SOUTHERN EXPRESS,18-08-2022 09:16,193,,Thu
ANTARANG,14-07-2022 04:39,225,,Thu
ANTARANG,25-10-2022 15:30,469,,Tue
ANTARANG,26-01-2023 13:19,223,,Thu
SOUTHERN EXPRESS,27-04-2023 20:00,429,,Thu
SOUTHERN EXPRESS,27-09-2022 06:40,184,,Tue
SOUTHERN EXPRESS,26-01-2023 13:22,129,,Thu
SWARA,19-01-2023 18:08,115,,Thu
SOUTHERN EXPRESS,16-02-2023 17:07,431,,Thu
ANTARANG,23-05-2023 08:39,342,,Tue
ANTARANG,20-09-2022 00:38,45,,Tue
SOUTHERN EXPRESS,25-05-2023 18:28,110,,Thu
SWARA,13-10-2022 21:59,139,,Thu
ANTARANG,23-08-2022 15:31,441,,Tue
SOUTHERN EXPRESS,02-02-2023 03:43,249,,Thu
SWARA,27-04-2023 06:29,429,,Thu
ANTARANG,24-11-2022 06:12,469,,Thu
SOUTHERN EXPRESS,17-11-2022 05:41,462,,Thu
SWARA,29-09-2022 08:03,171,,Thu
SOUTHERN EXPRESS,02-08-2022 03:51,419,,Tue
SOUTHERN EXPRESS,24-11-2022 04:56,199,,Thu
